log time,count,spend time
2024-01-03 10:22:46.056000,1,2.587
2024-01-03 09:49:47.613000,4,4.197
2024-01-03 10:20:38.127000,1,2.05
2024-01-03 10:20:06.354000,1,2.28
2024-01-03 10:37:34.842000,1,2.35
2024-01-03 09:49:58.666000,2,2.603
2024-01-03 10:21:24.834000,2,2.763
2024-01-03 10:42:19.327000,2,3.319
2024-01-03 10:37:54.937000,2,2.773
2024-01-03 10:42:40.895000,1,2.403
2024-01-03 09:49:57.388000,1,4.383
2024-01-03 11:27:11.969000,1,1.991
2024-01-03 11:27:13.034000,2,3.009
2024-01-03 09:49:07.351000,4,10.29
2024-01-03 10:42:38.426000,1,2.324
2024-01-03 10:43:51.284000,1,3.379
2024-01-03 09:49:12.488000,3,8.132
2024-01-03 10:21:19.586000,2,2.5
2024-01-03 10:20:19.355000,2,2.327
2024-01-03 10:20:06.675000,3,2.719
2024-01-03 09:49:57.167000,1,2.84
2024-01-03 10:43:15.392000,1,3.614
2024-01-03 10:43:35.044000,1,2.838
2024-01-03 10:37:35.687000,3,2.944
2024-01-03 10:24:30.535000,1,2.094
2024-01-03 10:20:09.158000,5,6.804
2024-01-03 10:21:08.378000,1,3.108
2024-01-03 10:42:17.066000,2,2.749
2024-01-03 10:23:47.269000,1,2.725
2024-01-03 09:49:54.927000,1,2.594
2024-01-03 10:39:09.279000,1,2.064
2024-01-03 11:27:46.044000,1,2.255
2024-01-03 10:24:31.811000,1,2.438
2024-01-03 10:23:06.472000,1,1.655
2024-01-03 09:49:34.828000,2,3.663
2024-01-03 10:22:47.031000,2,2.843
2024-01-03 09:49:57.933000,1,2.546
2024-01-03 10:42:38.661000,1,3.168
2024-01-03 10:42:50.911000,1,3.323
2024-01-03 10:37:33.644000,1,2.517
2024-01-03 10:23:06.670000,1,1.882
2024-01-03 10:23:00.455000,2,7.971
2024-01-03 10:43:00.567000,1,2.957
2024-01-03 09:49:13.893000,5,10.55
2024-01-03 10:37:55.027000,1,2.144
2024-01-03 10:37:49.679000,1,2.663
2024-01-03 10:42:20.518000,2,2.669
2024-01-03 10:42:12.659000,1,1.676
2024-01-03 10:38:38.091000,1,2.914
2024-01-03 09:49:07.442000,2,13.85
2024-01-03 10:22:48.765000,2,3.837
2024-01-03 10:20:56.887000,2,2.318
2024-01-03 10:20:43.066000,3,3.146
2024-01-03 10:37:30.532000,3,3.148
2024-01-03 10:43:39.233000,1,2.096
2024-01-03 10:24:00.027000,1,2.134
2024-01-03 09:49:11.965000,1,3.32
2024-01-03 11:26:56.154000,1,1.925
2024-01-03 10:24:06.475000,1,3.434
2024-01-03 10:20:38.771000,3,2.421
2024-01-03 10:20:55.714000,2,3.019
2024-01-03 10:24:07.330000,1,1.69
2024-01-03 10:42:37.676000,3,3.348
2024-01-03 09:49:26.252000,2,8.387
2024-01-03 09:48:56.254000,5,18.01
2024-01-03 10:42:17.172000,1,1.822
2024-01-03 10:23:19.125000,1,3.927
2024-01-03 10:43:33.755000,1,2.556
2024-01-03 10:20:20.430000,3,6.484
2024-01-03 10:37:48.378000,2,2.592
2024-01-03 10:24:30.086000,1,2.571
2024-01-03 10:38:19.725000,1,2.785
2024-01-03 10:42:51.004000,1,2.442
2024-01-03 10:37:47.945000,1,2.32
2024-01-03 10:37:49.239000,2,3.016
2024-01-03 10:23:20.105000,3,4.643
2024-01-03 11:26:57.340000,1,3.135
2024-01-03 11:27:25.829000,2,2.132
2024-01-03 10:37:30.428000,2,3.915
2024-01-03 10:21:38.508000,1,3.284
2024-01-03 09:49:30.008000,4,3.166
2024-01-03 09:49:46.320000,3,5.976
2024-01-03 10:42:19.112000,1,3.849
2024-01-03 09:50:28.362000,1,5.148
2024-01-03 10:42:01.387000,2,3.18
2024-01-03 10:21:04.320000,1,2.141
2024-01-03 10:42:16.848000,1,2.414
2024-01-03 10:20:36.732000,2,2.72
2024-01-03 09:49:07.979000,2,3.327
2024-01-03 10:42:11.694000,1,2.136
2024-01-03 10:22:47.586000,1,2.82
2024-01-03 10:22:45.217000,2,3.877
2024-01-03 11:27:29.488000,1,2.555
2024-01-03 10:44:01.188000,1,2.957
2024-01-03 10:42:35.963000,1,8.966
2024-01-03 10:21:44.418000,4,2.869
2024-01-03 10:43:00.020000,1,2.687
2024-01-03 11:27:12.280000,3,2.492
2024-01-03 10:20:25.473000,2,2.384
2024-01-03 11:27:26.149000,3,2.546
2024-01-03 10:44:01.839000,1,3.141
2024-01-03 10:20:20.108000,6,5.259
2024-01-03 09:49:57.814000,1,4.543
2024-01-03 11:26:55.625000,1,5.233
2024-01-03 10:42:18.033000,1,2.351
2024-01-03 10:24:29.230000,1,2.087
2024-01-03 09:49:09.586000,1,3.387
2024-01-03 10:20:38.557000,6,3.648
2024-01-03 10:39:21.540000,1,2.93
2024-01-03 10:23:03.993000,2,2.056
2024-01-03 09:49:26.149000,4,3.789
2024-01-03 10:20:58.181000,1,2.456
2024-01-03 09:50:47.558000,2,2.695
2024-01-03 10:20:39.850000,4,15.3
2024-01-03 09:49:27.655000,1,4.932
2024-01-03 09:49:59.421000,1,2.143
2024-01-03 09:49:53.958000,1,2.895
2024-01-03 10:42:14.283000,1,5.184
2024-01-03 09:49:33.231000,2,5.928
2024-01-03 10:37:52.366000,1,2.331
2024-01-03 10:37:54.491000,2,2.605
2024-01-03 09:49:44.403000,2,4.325
2024-01-03 11:27:33.785000,1,1.998
2024-01-03 10:42:52.289000,1,2.409
2024-01-03 10:42:31.136000,1,3.131
2024-01-03 10:22:46.942000,1,6.639
2024-01-03 10:43:38.693000,1,1.965
2024-01-03 10:37:19.598000,1,3.073
2024-01-03 11:27:33.568000,1,1.927
2024-01-03 10:42:52.093000,1,2.754
2024-01-03 11:26:57.143000,1,2.836
2024-01-03 11:27:26.918000,2,2.209
2024-01-03 11:27:25.402000,1,2.131
2024-01-03 10:20:38.345000,3,6.316
2024-01-03 09:49:08.522000,1,8.487
2024-01-03 10:23:43.396000,1,8.637
2024-01-03 11:27:31.006000,3,3.775
2024-01-03 10:23:47.897000,1,2.362
2024-01-03 10:20:22.145000,2,2.116
2024-01-03 10:23:05.062000,1,2.254
2024-01-03 09:50:31.146000,2,4.883
2024-01-03 10:20:23.985000,3,6.157
2024-01-03 10:23:29.423000,1,3.118
2024-01-03 10:42:17.732000,2,5.27
2024-01-03 10:20:24.826000,4,2.907
2024-01-03 10:37:34.733000,2,2.214
2024-01-03 10:22:46.487000,1,1.752
2024-01-03 09:49:30.867000,2,5.827
2024-01-03 10:38:57.234000,1,1.938
2024-01-03 09:49:48.493000,2,3.89
2024-01-03 09:49:58.772000,1,3.261
2024-01-03 10:37:57.284000,1,3.17
2024-01-03 10:22:40.387000,3,4.044
2024-01-03 10:23:05.721000,1,2.241
2024-01-03 10:22:42.615000,2,2.909
2024-01-03 10:22:43.160000,1,4.2
2024-01-03 10:24:01.012000,1,2.225
2024-01-03 09:49:28.498000,2,6.337
2024-01-03 10:39:08.438000,1,2.96
2024-01-03 10:38:06.412000,1,1.942
2024-01-03 10:20:41.887000,2,2.668
2024-01-03 10:23:00.029000,3,2.412
2024-01-03 10:23:30.073000,1,3.009
2024-01-03 10:38:06.203000,1,3.117
2024-01-03 11:27:32.930000,1,2.761
2024-01-03 09:50:57.441000,2,2.987
2024-01-03 10:23:04.853000,1,2.472
2024-01-03 10:23:29.858000,1,2.407
2024-01-03 10:20:58.614000,5,7.703
2024-01-03 09:50:34.569000,1,2.423
2024-01-03 10:43:02.832000,1,2.269
2024-01-03 10:42:18.140000,2,2.631
2024-01-03 09:49:45.567000,3,3.215
2024-01-03 10:42:35.634000,2,2.217
2024-01-03 10:37:49.034000,1,2.184
2024-01-03 10:44:02.462000,1,2.766
2024-01-03 09:48:55.289000,4,26.1
2024-01-03 09:49:13.992000,2,4.558
2024-01-03 09:48:58.524000,1,2.663
2024-01-03 10:23:44.573000,1,3.641
2024-01-03 10:23:30.501000,1,2.148
2024-01-03 10:22:45.517000,1,1.755
2024-01-03 10:42:13.316000,2,4.146
2024-01-03 11:27:55.085000,1,9.089
2024-01-03 10:38:16.955000,1,2.183
2024-01-03 09:49:33.028000,6,12.18
2024-01-03 10:23:27.390000,1,2.589
2024-01-03 10:38:55.517000,1,2.031
2024-01-03 09:49:11.885000,1,42.7
2024-01-03 10:20:36.411000,4,4.672
2024-01-03 10:38:35.530000,1,2.4
2024-01-03 09:49:28.392000,6,4.29
2024-01-03 10:20:25.040000,1,2.313
2024-01-03 10:23:46.948000,1,2.879
2024-01-03 09:50:10.390000,1,3.138
2024-01-03 09:48:57.113000,3,5.079
2024-01-03 10:20:40.381000,4,3.794
2024-01-03 10:23:05.811000,1,2.718
2024-01-03 10:42:31.883000,2,2.637
2024-01-03 10:39:19.284000,1,2.162
2024-01-03 10:23:02.707000,2,3.084
2024-01-03 10:38:37.771000,1,3.598
2024-01-03 10:42:38.217000,2,3.676
2024-01-03 09:49:13.149000,2,3.725
2024-01-03 10:22:28.569000,1,4.619
2024-01-03 11:27:06.901000,1,2.108
2024-01-03 10:38:08.798000,1,2.835
2024-01-03 10:44:03.968000,1,2.342
2024-01-03 10:37:31.172000,1,2.773
2024-01-03 09:50:14.255000,2,2.6
2024-01-03 10:38:15.872000,1,2.156
2024-01-03 10:20:45.548000,2,3.388
2024-01-03 11:26:57.880000,1,3.084
2024-01-03 10:37:31.065000,3,2.693
2024-01-03 10:23:42.528000,2,2.546
2024-01-03 09:49:54.266000,2,5.045
2024-01-03 09:50:29.108000,2,2.788
2024-01-03 11:27:32.710000,3,3.336
2024-01-03 10:22:40.790000,1,2.367
2024-01-03 10:42:39.527000,1,5.917
2024-01-03 10:43:36.655000,1,3.076
2024-01-03 10:42:31.357000,2,2.395
2024-01-03 10:42:19.979000,2,2.341
2024-01-03 09:48:58.831000,1,4.078
2024-01-03 10:23:27.600000,1,2.23
2024-01-03 10:20:21.396000,2,4.42
2024-01-03 10:42:17.500000,1,2.155
2024-01-03 10:42:40.365000,1,3.103
2024-01-03 10:24:07.222000,1,2.897
2024-01-03 10:20:24.102000,4,4.964
2024-01-03 11:27:45.949000,2,1.831
2024-01-03 10:21:04.633000,1,3.722
2024-01-03 09:49:55.129000,3,5.337
2024-01-03 11:27:33.917000,1,4.15
2024-01-03 11:27:13.895000,2,2.43
2024-01-03 10:37:54.599000,1,1.903
2024-01-03 10:22:44.873000,1,2.12
2024-01-03 09:49:57.279000,1,3.533
2024-01-03 10:24:03.254000,1,2.35
2024-01-03 10:42:59.492000,1,2.652
2024-01-03 09:49:43.983000,2,9.902
2024-01-03 10:21:26.451000,3,4.628
2024-01-03 10:20:42.099000,1,2.028
2024-01-03 10:42:29.954000,1,3.734
2024-01-03 10:38:36.370000,2,2.634
2024-01-03 10:22:30.163000,4,5.123
2024-01-03 10:23:04.544000,2,2.224
2024-01-03 10:21:06.681000,1,2.694
2024-01-03 10:42:33.302000,1,3.833
2024-01-03 10:37:31.285000,1,2.308
2024-01-03 10:37:48.280000,1,3.463
2024-01-03 11:27:33.353000,2,2.557
2024-01-03 10:22:59.380000,2,4.099
2024-01-03 10:38:37.229000,1,2.197
2024-01-03 10:20:44.781000,2,2.361
2024-01-03 10:38:36.586000,1,1.936
2024-01-03 10:24:19.913000,1,2.506
2024-01-03 10:42:50.467000,1,2.602
2024-01-03 10:20:07.643000,3,2.887
2024-01-03 10:23:31.915000,1,2.71
2024-01-03 11:27:27.661000,1,2.284
2024-01-03 10:43:14.190000,2,2.468
2024-01-03 10:20:39.421000,2,5.055
2024-01-03 10:23:00.661000,1,2.779
2024-01-03 09:49:58.991000,5,4.367
2024-01-03 11:27:31.955000,1,2.271
2024-01-03 10:21:45.276000,2,2.513
2024-01-03 10:20:23,2,2.734
2024-01-03 10:23:00.553000,4,4.151
2024-01-03 09:50:01.037000,1,5.422
2024-01-03 10:21:46.472000,1,2.479
2024-01-03 10:42:15.902000,1,2.664
2024-01-03 09:49:44.186000,2,5.519
2024-01-03 11:27:12.505000,1,3.392
2024-01-03 10:22:58.948000,1,2.411
2024-01-03 10:42:38.855000,1,2.079
2024-01-03 10:20:37.383000,1,3.386
2024-01-03 10:42:39.295000,1,3.88
2024-01-03 09:50:14.811000,2,3.57
2024-01-03 10:37:56.757000,1,2.321
2024-01-03 10:20:41.455000,3,2.337
2024-01-03 10:37:47.203000,1,4.81
2024-01-03 09:50:30.283000,1,2.011
2024-01-03 10:20:57.425000,2,4.944
2024-01-03 11:27:46.151000,1,2.263
2024-01-03 10:43:00.667000,3,3.032
2024-01-03 11:27:09.911000,1,3.063
2024-01-03 09:49:29.565000,2,3.804
2024-01-03 10:20:39.526000,2,4.112
2024-01-03 09:50:32.222000,1,2.345
2024-01-03 10:21:05.805000,1,2.892
2024-01-03 10:37:18.087000,1,1.903
2024-01-03 11:27:43.463000,1,2.644
2024-01-03 09:49:09.376000,1,4.646
2024-01-03 10:22:30.374000,1,2.221
2024-01-03 10:38:54.451000,1,2.105
2024-01-03 11:27:45.399000,2,2.442
2024-01-03 10:20:36.950000,4,3.81
2024-01-03 10:23:06.561000,1,1.906
2024-01-03 09:51:00.566000,2,3.765
2024-01-03 09:49:31.392000,2,4.971
2024-01-03 10:20:23.755000,3,3.693
2024-01-03 10:42:34.578000,1,2.284
2024-01-03 10:39:18.529000,2,2.839
2024-01-03 10:20:20.977000,1,2.138
2024-01-03 10:24:32.246000,1,3.449
2024-01-03 10:20:07.537000,3,3.128
2024-01-03 10:37:54.385000,3,2.613
2024-01-03 10:37:36.332000,2,2.509
2024-01-03 10:42:01.596000,2,2.255
2024-01-03 10:42:18.787000,3,2.459
2024-01-03 11:27:35.102000,1,3.32
2024-01-03 09:49:08.835000,1,2.75
2024-01-03 10:23:02.603000,1,3.816
2024-01-03 09:49:13.257000,4,5.394
2024-01-03 09:49:56.845000,2,2.788
2024-01-03 10:23:04.421000,1,2.456
2024-01-03 10:22:48.541000,1,3.192
2024-01-03 10:37:36.665000,2,3.415
2024-01-03 10:23:19.016000,2,3.254
2024-01-03 11:27:24.864000,1,2.116
2024-01-03 09:50:46.592000,2,3.339
2024-01-03 10:42:59.295000,1,8.444
2024-01-03 10:20:38.235000,3,2.435
2024-01-03 10:38:17.591000,1,3.124
2024-01-03 09:49:56.958000,1,2.679
2024-01-03 10:38:08.570000,1,4.123
2024-01-03 09:49:31.943000,5,6.22
2024-01-03 10:38:56.591000,1,2.578
2024-01-03 09:48:57.662000,1,2.727
2024-01-03 11:27:07.551000,3,2.383
2024-01-03 11:27:11.539000,1,3.023
2024-01-03 10:20:39.093000,2,2.628
2024-01-03 10:21:42.916000,2,2.536
2024-01-03 09:49:11.431000,1,4.588
2024-01-03 09:48:56.470000,2,9.793
2024-01-03 10:43:39.874000,1,2.0
2024-01-03 10:37:34.184000,1,2.936
2024-01-03 09:49:13.566000,3,9.4
2024-01-03 10:42:32.526000,3,2.768
2024-01-03 10:20:36.307000,1,3.181
2024-01-03 11:27:44.754000,1,2.037
2024-01-03 10:23:19.345000,2,3.882
2024-01-03 10:37:57.821000,1,3.692
2024-01-03 10:23:28.691000,1,2.093
2024-01-03 10:22:42.076000,1,1.825
2024-01-03 10:20:42.531000,5,3.492
2024-01-03 10:22:42.511000,1,2.609
2024-01-03 09:49:55.454000,1,2.301
2024-01-03 10:21:06.773000,1,2.044
2024-01-03 10:38:08.675000,1,3.478
2024-01-03 10:42:36.197000,2,3.811
2024-01-03 10:23:28.890000,1,2.114
2024-01-03 10:21:25.046000,1,3.141
2024-01-03 10:22:59.923000,2,3.309
2024-01-03 09:49:12.395000,1,3.619
2024-01-03 10:37:35.256000,2,2.279
2024-01-03 09:49:53.301000,1,5.651
2024-01-03 10:21:39.264000,2,3.648
2024-01-03 10:23:01.225000,1,3.334
2024-01-03 09:48:57.226000,1,9.144
2024-01-03 09:49:08.406000,5,8.991
2024-01-03 10:37:35.169000,2,2.849
2024-01-03 10:42:58.738000,1,1.919
2024-01-03 11:27:45.505000,1,2.626
2024-01-03 09:50:34.032000,2,5.995
2024-01-03 10:37:37.199000,2,3.995
2024-01-03 10:38:08.240000,3,3.985
2024-01-03 10:24:33.115000,1,3.636
2024-01-03 09:49:45.256000,3,4.179
2024-01-03 09:49:26.581000,3,7.799
2024-01-03 10:42:12.015000,1,2.345
2024-01-03 09:48:55.501000,2,11.01
2024-01-03 10:20:24.611000,4,2.561
2024-01-03 10:20:18.384000,2,2.885
2024-01-03 10:42:49.515000,1,2.886
2024-01-03 10:44:03.536000,1,2.003
2024-01-03 09:49:55.776000,1,2.943
2024-01-03 10:37:20.551000,2,2.316
2024-01-03 10:20:56.248000,1,2.272
2024-01-03 10:22:46.289000,1,3.201
2024-01-03 10:20:46.823000,2,4.053
2024-01-03 10:37:37.749000,2,3.624
2024-01-03 11:27:47.332000,1,2.298
2024-01-03 10:20:26.552000,2,4.283
2024-01-03 10:20:23.429000,3,2.99
2024-01-03 10:37:49.885000,2,2.635
2024-01-03 10:39:09.495000,1,2.217
2024-01-03 10:20:21.184000,2,6.986
2024-01-03 10:20:35.663000,2,2.403
2024-01-03 10:42:13.759000,1,3.313
2024-01-03 10:42:31.675000,1,3.424
2024-01-03 09:50:59.907000,2,3.505
2024-01-03 10:37:32.248000,2,2.973
2024-01-03 10:42:14.601000,1,3.535
2024-01-03 10:42:52.731000,4,3.041
2024-01-03 10:42:00.203000,1,2.319
2024-01-03 11:27:13.570000,2,2.681
2024-01-03 10:20:06.463000,3,3.267
2024-01-03 10:42:00.110000,1,1.98
2024-01-03 10:42:02.994000,2,3.843
2024-01-03 10:42:00.849000,2,2.505
2024-01-03 10:21:06.034000,2,2.718
2024-01-03 10:20:43.388000,2,2.226
2024-01-03 09:49:48.144000,2,2.801
2024-01-03 10:37:35.369000,1,3.015
2024-01-03 10:38:09.747000,2,3.237
2024-01-03 11:27:31.649000,3,2.118
2024-01-03 10:38:30.996000,1,2.995
2024-01-03 10:42:49.086000,1,2.892
2024-01-03 10:20:44.463000,5,2.856
2024-01-03 10:22:46.381000,2,2.547
2024-01-03 10:38:17.370000,1,2.044
2024-01-03 11:27:08.946000,1,2.817
2024-01-03 10:21:46.671000,1,2.183
2024-01-03 10:20:40.827000,2,2.953
2024-01-03 09:49:47.392000,3,4.284
2024-01-03 09:50:33.190000,1,4.257
2024-01-03 10:42:50.691000,1,1.907
2024-01-03 10:42:18.677000,1,2.158
2024-01-03 10:42:00.746000,1,2.574
2024-01-03 10:37:48.927000,2,2.314
2024-01-03 09:49:26.676000,6,9.426
2024-01-03 10:20:18.061000,4,2.839
2024-01-03 10:20:06.568000,1,2.83
2024-01-03 10:20:07.980000,5,3.457
2024-01-03 10:22:57.884000,1,2.411
2024-01-03 10:20:45.755000,2,2.688
2024-01-03 10:43:38.478000,1,1.986
2024-01-03 10:21:20.316000,5,4.171
2024-01-03 09:49:13.686000,1,3.53
2024-01-03 10:24:20.004000,1,1.68
2024-01-03 10:21:39.585000,1,2.072
2024-01-03 10:43:18.081000,1,3.053
2024-01-03 09:49:10.015000,2,3.578
2024-01-03 10:42:32.961000,1,2.404
2024-01-03 10:20:44.899000,1,3.07
2024-01-03 09:48:56.897000,2,4.962
2024-01-03 10:22:45.406000,2,2.886
2024-01-03 10:23:07.220000,1,1.669
2024-01-03 10:42:33.813000,1,2.401
2024-01-03 09:48:57.864000,1,4.839
2024-01-03 09:49:47.067000,5,4.503
2024-01-03 09:49:29.462000,2,14.39
2024-01-03 10:23:17.729000,1,2.465
2024-01-03 10:42:48.654000,1,3.319
2024-01-03 10:37:47.753000,1,3.387
2024-01-03 10:22:41.333000,1,3.275
2024-01-03 10:21:39.926000,2,4.024
2024-01-03 09:49:57.600000,1,2.38
2024-01-03 11:27:28.756000,2,4.423
2024-01-03 10:21:07.733000,1,2.811
2024-01-03 10:20:20.866000,2,3.496
2024-01-03 11:27:08.091000,3,4.533
2024-01-03 10:38:33.058000,1,4.196
2024-01-03 10:22:44.359000,1,2.427
2024-01-03 10:22:28.657000,3,3.674
2024-01-03 10:24:28.694000,1,2.348
2024-01-03 10:38:08.138000,2,4.086
2024-01-03 09:49:35.379000,2,2.798
2024-01-03 09:49:55.020000,2,3.995
2024-01-03 10:23:01.003000,1,3.584
2024-01-03 11:27:27.337000,1,2.625
2024-01-03 09:49:13.349000,1,4.535
2024-01-03 09:49:35.905000,2,2.746
2024-01-03 10:42:31.995000,3,4.03
2024-01-03 10:42:31.573000,3,3.037
2024-01-03 10:22:47.995000,1,3.025
2024-01-03 10:23:18.705000,1,2.009
2024-01-03 09:49:55.558000,1,3.688
2024-01-03 10:42:00.326000,2,2.121
2024-01-03 09:49:13.780000,2,2.702
2024-01-03 10:22:41.978000,4,6.113
2024-01-03 10:20:24.724000,2,3.077
2024-01-03 09:50:09.435000,5,3.5
2024-01-03 10:43:50.519000,1,2.123
2024-01-03 10:42:36.600000,2,2.421
2024-01-03 11:26:56.924000,1,2.213
2024-01-03 10:37:54.065000,2,2.691
2024-01-03 11:26:56.802000,1,1.681
2024-01-03 10:21:07.967000,1,2.803
2024-01-03 09:50:47.022000,2,44.83
2024-01-03 09:49:31.728000,5,9.857
2024-01-03 10:21:05.159000,3,2.655
2024-01-03 11:27:24.433000,1,2.918
2024-01-03 09:49:09.811000,1,6.602
2024-01-03 10:42:36.830000,2,2.915
2024-01-03 11:27:11.217000,1,2.206
2024-01-03 11:27:45.620000,1,3.246
2024-01-03 09:49:57.061000,1,2.713
2024-01-03 10:20:39.633000,2,3.005
2024-01-03 10:22:46.602000,3,4.366
2024-01-03 10:42:01.933000,2,3.718
2024-01-03 10:21:22.260000,1,3.358
2024-01-03 10:20:46.294000,2,2.598
2024-01-03 10:20:37.276000,2,4.072
2024-01-03 10:22:39.827000,1,1.989
2024-01-03 10:38:31.859000,2,4.802
2024-01-03 10:20:08.725000,1,2.133
2024-01-03 10:42:02.351000,1,3.04
2024-01-03 10:20:39.954000,1,2.635
2024-01-03 10:20:41.139000,3,6.056
2024-01-03 09:49:27.861000,7,7.475
2024-01-03 10:42:34.455000,1,2.027
2024-01-03 09:49:28.822000,7,5.058
2024-01-03 09:49:46.532000,7,5.458
2024-01-03 11:26:55.080000,1,2.465
2024-01-03 10:20:06.998000,3,3.602
2024-01-03 10:20:38.025000,8,4.664
2024-01-03 10:42:33.064000,3,2.83
2024-01-03 09:49:27.104000,3,8.291
2024-01-03 09:49:34.305000,2,4.739
2024-01-03 10:21:39.692000,1,2.28
2024-01-03 10:38:54.226000,1,2.632
2024-01-03 10:42:31.021000,1,2.006
2024-01-03 09:49:58.881000,1,2.608
2024-01-03 10:38:07.184000,2,3.979
2024-01-03 10:24:01.965000,3,4.008
2024-01-03 09:49:15.396000,2,5.807
2024-01-03 10:37:49.356000,1,1.604
2024-01-03 11:27:53.481000,1,2.444
2024-01-03 10:22:29.100000,1,1.769
2024-01-03 11:26:56.052000,1,3.149
2024-01-03 10:21:09.239000,1,2.128
2024-01-03 10:42:37.139000,2,2.327
2024-01-03 10:20:44.139000,4,3.2
2024-01-03 11:27:06.472000,1,3.225
2024-01-03 10:20:44.996000,3,3.899
2024-01-03 10:20:41.993000,3,3.399
2024-01-03 10:42:12.244000,1,2.863
2024-01-03 09:49:30.102000,1,3.174
2024-01-03 09:49:32.359000,1,4.414
2024-01-03 11:27:28.210000,3,2.934
2024-01-03 10:22:58.841000,2,2.483
2024-01-03 11:27:47.680000,1,3.401
2024-01-03 10:43:50.751000,1,2.122
2024-01-03 09:49:08.193000,3,7.848
2024-01-03 11:27:54,1,2.733
2024-01-03 10:42:02.135000,2,3.463
2024-01-03 09:49:15.496000,3,4.751
2024-01-03 10:42:39.076000,1,2.883
2024-01-03 11:27:43.999000,1,2.131
2024-01-03 09:49:13.460000,5,10.47
2024-01-03 10:23:18.153000,1,2.129
2024-01-03 10:20:25.363000,1,2.149
2024-01-03 10:20:24.190000,2,21.75
2024-01-03 10:20:22.893000,1,2.01
2024-01-03 10:43:33.125000,1,2.934
2024-01-03 09:49:29.246000,1,6.053
2024-01-03 09:49:12.597000,2,4.878
2024-01-03 10:23:05.385000,1,2.972
2024-01-03 09:50:28.555000,5,4.973
2024-01-03 09:49:30.545000,2,4.405
2024-01-03 11:27:14.446000,1,2.418
2024-01-03 10:43:32.142000,2,2.3
2024-01-03 10:21:43.883000,2,2.303
2024-01-03 11:27:47.548000,2,2.466
2024-01-03 10:23:31.170000,1,2.584
2024-01-03 10:20:55.173000,2,1.887
2024-01-03 10:23:05.505000,1,2.443
2024-01-03 10:22:47.673000,2,2.232
2024-01-03 10:23:06.135000,2,3.312
2024-01-03 10:20:43.605000,2,3.778
2024-01-03 10:23:06.352000,1,3.092
2024-01-03 09:49:27.223000,6,4.422
2024-01-03 09:49:45.672000,1,4.858
2024-01-03 09:49:55.667000,5,3.989
2024-01-03 11:27:08.516000,1,2.393
2024-01-03 10:43:32.252000,1,1.911
2024-01-03 10:20:26.223000,4,3.042
2024-01-03 10:23:17.192000,1,1.785
2024-01-03 09:49:46.103000,3,5.57
2024-01-03 10:37:36.227000,1,2.348
2024-01-03 11:27:07.779000,1,2.129
2024-01-03 09:49:54.587000,1,3.525
2024-01-03 10:20:39.313000,4,4.284
2024-01-03 10:21:38.303000,3,3.12
2024-01-03 09:49:54.500000,2,6.442
2024-01-03 10:38:18.454000,1,2.759
2024-01-03 09:49:34.507000,2,4.074
2024-01-03 10:24:29.457000,1,2.313
2024-01-03 09:50:34.140000,1,3.013
2024-01-03 10:22:47.478000,1,9.481
2024-01-03 10:22:58.530000,1,2.012
2024-01-03 11:27:34.215000,1,2.191
2024-01-03 10:23:27.943000,1,3.039
2024-01-03 10:23:19.568000,3,3.433
2024-01-03 10:42:12.789000,1,2.069
2024-01-03 10:20:41.579000,1,2.186
2024-01-03 10:42:13.522000,3,2.975
2024-01-03 10:38:19.297000,2,2.446
2024-01-03 11:27:13.801000,1,3.206
2024-01-03 09:49:33.545000,4,7.694
2024-01-03 10:24:08.206000,1,3.534
2024-01-03 10:42:30.054000,1,2.285
2024-01-03 10:20:57.968000,2,3.422
2024-01-03 09:48:57.434000,4,5.833
2024-01-03 10:22:30.699000,2,2.739
2024-01-03 11:27:08.852000,1,2.407
2024-01-03 10:20:25.686000,4,2.904
2024-01-03 09:49:30.423000,1,6.927
2024-01-03 10:23:29.763000,1,2.592
2024-01-03 10:42:37.788000,1,2.4
2024-01-03 09:49:12.934000,2,2.966
2024-01-03 10:22:29.191000,3,2.525
2024-01-03 10:39:19.934000,1,2.831
2024-01-03 09:49:06.901000,1,4.831
2024-01-03 10:37:20.660000,1,2.835
2024-01-03 10:37:31.501000,2,3.295
2024-01-03 10:38:06.644000,1,1.995
2024-01-03 10:37:34.614000,2,2.333
2024-01-03 09:49:25.599000,5,13.27
2024-01-03 11:27:29.822000,2,2.35
2024-01-03 10:42:51.433000,2,3.239
2024-01-03 10:39:21.755000,1,2.717
2024-01-03 10:37:18.407000,1,2.196
2024-01-03 11:27:54.856000,1,2.278
2024-01-03 10:42:19.227000,1,2.172
2024-01-03 11:27:31.548000,2,2.413
2024-01-03 10:37:52.791000,1,2.99
2024-01-03 10:21:08.290000,1,8.305
2024-01-03 10:39:10.028000,1,2.092
2024-01-03 11:27:12.836000,4,3.652
2024-01-03 10:37:56.530000,1,3.107
2024-01-03 09:49:56.326000,3,3.347
2024-01-03 10:38:56.039000,1,2.107
2024-01-03 10:37:17.655000,2,2.523
2024-01-03 10:38:10.290000,2,3.563
2024-01-03 09:48:55.732000,5,14.03
2024-01-03 10:23:02.181000,5,3.4
2024-01-03 09:49:53.727000,1,4.551
2024-01-03 09:49:44.813000,1,4.179
2024-01-03 09:49:47.932000,3,3.819
2024-01-03 11:27:09.275000,1,3.071
2024-01-03 10:23:17.955000,1,2.408
2024-01-03 10:43:18.406000,1,2.905
2024-01-03 09:49:56.432000,1,2.707
2024-01-03 11:27:14.123000,2,2.566
2024-01-03 10:42:32.633000,1,2.055
2024-01-03 10:20:36.517000,1,1.899
2024-01-03 10:20:44.370000,1,1.685
2024-01-03 09:49:32.037000,1,19.95
2024-01-03 10:23:03.139000,1,2.818
2024-01-03 09:50:14.041000,3,2.622
2024-01-03 10:43:52.368000,1,3.372
2024-01-03 10:38:07.708000,3,8.762
2024-01-03 10:38:56.257000,1,1.999
2024-01-03 10:20:19.246000,1,2.448
2024-01-03 10:20:58.070000,5,3.214
2024-01-03 10:37:53.421000,2,2.265
2024-01-03 11:27:28.308000,1,3.405
2024-01-03 10:43:18.928000,1,3.047
2024-01-03 10:37:53.328000,1,1.92
2024-01-03 09:49:07.870000,4,5.024
2024-01-03 10:20:26.021000,2,4.357
2024-01-03 10:23:08.078000,1,3.276
2024-01-03 09:48:57.754000,1,4.086
2024-01-03 10:37:19.170000,2,2.245
2024-01-03 10:42:16.424000,1,3.186
2024-01-03 11:27:52.925000,1,2.328
2024-01-03 10:42:15.152000,1,2.605
2024-01-03 10:42:59.056000,1,2.056
2024-01-03 10:42:29.420000,1,2.781
2024-01-03 10:21:09.889000,2,4.122
2024-01-03 09:49:32.788000,2,5.085
2024-01-03 10:20:23.216000,1,3.5
2024-01-03 10:24:18.944000,1,2.78
2024-01-03 10:20:37.594000,1,5.52
2024-01-03 10:37:29.472000,2,2.9
2024-01-03 10:20:19.030000,3,3.42
2024-01-03 10:23:28.466000,2,4.102
2024-01-03 10:24:02.304000,1,2.528
2024-01-03 10:43:02.171000,2,2.451
2024-01-03 10:37:19.690000,2,4.53
2024-01-03 11:27:33.139000,1,2.833
2024-01-03 09:50:45.844000,1,7.625
2024-01-03 10:42:38.990000,1,3.384
2024-01-03 09:50:00.714000,1,3.706
2024-01-03 11:27:26.798000,1,3.408
2024-01-03 10:23:17.403000,1,2.581
2024-01-03 10:21:43.131000,2,2.546
2024-01-03 09:49:31.503000,6,7.218
2024-01-03 10:38:50.784000,1,2.353
2024-01-03 10:38:56.364000,2,2.885
2024-01-03 11:27:46.487000,2,2.828
2024-01-03 10:20:37.061000,1,2.508
2024-01-03 10:42:50.574000,2,3.019
2024-01-03 10:37:53.007000,1,2.781
2024-01-03 10:20:58.721000,1,3.457
2024-01-03 10:37:52.886000,1,2.727
2024-01-03 09:49:46.859000,3,16.88
2024-01-03 10:42:02.895000,1,6.458
2024-01-03 10:39:18.221000,1,2.303
2024-01-03 10:39:08.527000,1,2.207
2024-01-03 09:49:55.882000,3,3.941
2024-01-03 10:20:18.919000,1,2.626
2024-01-03 11:27:25.293000,2,2.206
2024-01-03 09:50:10.497000,1,5.363
2024-01-03 10:42:18.246000,4,3.303
2024-01-03 10:22:31.366000,1,3.667
2024-01-03 10:23:41.687000,1,3.631
2024-01-03 10:38:32.501000,1,3.14
2024-01-03 10:38:19.940000,1,2.118
2024-01-03 10:20:08.629000,3,4.239
2024-01-03 10:37:53.867000,1,3.03
2024-01-03 10:42:16.960000,1,2.824
2024-01-03 10:23:42.225000,1,2.318
2024-01-03 10:20:20.663000,2,4.014
2024-01-03 10:23:20.621000,2,2.437
2024-01-03 10:20:43.925000,5,4.136
2024-01-03 10:38:06.950000,1,2.592
2024-01-03 10:20:43.296000,1,2.702
2024-01-03 10:21:21.395000,1,5.146
2024-01-03 10:38:17.696000,1,3.901
2024-01-03 11:27:09.379000,1,3.417
2024-01-03 10:38:09.652000,2,2.269
2024-01-03 10:23:20.416000,1,3.352
2024-01-03 09:49:25.708000,1,7.444
2024-01-03 10:37:18.635000,2,2.355
2024-01-03 10:38:16.407000,1,3.034
2024-01-03 10:21:26.335000,1,2.292
2024-01-03 10:42:03.444000,1,3.589
2024-01-03 10:23:27.180000,1,3.644
2024-01-03 11:27:27.134000,1,2.025
2024-01-03 10:20:19.675000,2,4.315
2024-01-03 09:49:12.702000,2,4.431
2024-01-03 10:42:53.277000,1,3.043
2024-01-03 10:38:18.225000,1,1.707
2024-01-03 10:23:20.950000,1,3.73
2024-01-03 10:37:36.767000,1,3.128
2024-01-03 10:22:48.233000,2,3.634
2024-01-03 11:27:29.598000,1,2.843
2024-01-03 10:21:24.508000,2,3.1
2024-01-03 10:20:19.781000,1,2.307
2024-01-03 09:50:12.980000,2,3.136
2024-01-03 10:23:03.903000,1,3.611
2024-01-03 10:42:30.806000,2,2.793
2024-01-03 11:27:26.694000,4,4.65
2024-01-03 10:20:25.262000,1,3.251
2024-01-03 10:43:13.874000,1,3.112
2024-01-03 10:42:59.829000,1,3.248
2024-01-03 10:22:31.238000,1,3.568
2024-01-03 09:49:29.801000,1,8.311
2024-01-03 10:42:48.975000,1,2.23
2024-01-03 09:50:56.921000,2,4.085
2024-01-03 10:37:55.459000,3,3.816
2024-01-03 10:42:30.502000,1,2.422
2024-01-03 09:49:33.767000,2,4.429
2024-01-03 10:43:33.647000,2,2.521
2024-01-03 09:50:31.790000,2,3.68
2024-01-03 10:42:01.063000,2,2.421
2024-01-03 10:37:56.210000,2,2.25
2024-01-03 10:24:00.461000,2,3.002
2024-01-03 09:49:57.724000,1,3.22
2024-01-03 10:21:05.272000,2,3.169
2024-01-03 10:37:36.873000,1,2.389
2024-01-03 10:42:12.988000,1,2.078
2024-01-03 11:27:13.267000,1,2.163
2024-01-03 10:23:03.459000,2,2.582
2024-01-03 09:49:55.360000,2,4.258
2024-01-03 09:48:57.005000,2,11.93
2024-01-03 10:43:20.107000,1,3.009
2024-01-03 10:37:53.102000,1,2.171
2024-01-03 10:23:42.421000,1,2.318
2024-01-03 10:43:40.203000,1,2.994
2024-01-03 10:20:09.697000,2,3.087
2024-01-03 11:27:14.971000,1,2.621
2024-01-03 10:21:44.970000,4,3.355
2024-01-03 11:27:14.661000,2,2.548
2024-01-03 10:20:38.986000,2,2.865
2024-01-03 09:49:14.980000,4,6.243
2024-01-03 10:20:08.506000,4,4.198
2024-01-03 10:38:07.491000,1,2.406
2024-01-03 10:43:20.439000,1,2.156
2024-01-03 09:50:09.121000,1,3.381
2024-01-03 10:37:49.791000,2,3.394
2024-01-03 10:42:20.178000,1,2.316
2024-01-03 10:42:38.104000,1,2.488
2024-01-03 11:26:55.726000,1,2.104
2024-01-03 10:21:04.091000,1,3.249
2024-01-03 10:20:42.426000,2,2.795
2024-01-03 10:37:36.119000,2,3.819
2024-01-03 10:23:04.636000,1,2.048
2024-01-03 09:49:28.712000,1,3.931
2024-01-03 09:49:58.041000,5,3.472
2024-01-03 10:42:34.142000,1,3.347
2024-01-03 10:43:16.034000,1,1.992
2024-01-03 10:42:50.248000,1,2.301
2024-01-03 10:24:04.965000,1,2.606
2024-01-03 10:37:18.941000,2,2.694
2024-01-03 11:27:07.990000,1,2.92
2024-01-03 10:37:49.449000,3,2.557
2024-01-03 10:42:35.103000,2,2.605
2024-01-03 10:20:45.204000,2,2.277
2024-01-03 10:21:38.398000,2,7.537
2024-01-03 09:50:35.660000,1,2.791
2024-01-03 10:43:00.128000,2,3.127
2024-01-03 10:20:09.262000,1,4.146
2024-01-03 10:23:00.122000,1,1.543
2024-01-03 10:38:20.476000,1,2.549
2024-01-03 10:37:56.439000,1,3.257
2024-01-03 10:44:03.857000,1,2.378
2024-01-03 11:27:27.228000,3,3.461
2024-01-03 10:21:40.133000,2,3.211
2024-01-03 10:21:08.493000,2,4.959
2024-01-03 09:49:28.926000,2,6.922
2024-01-03 10:38:31.751000,1,2.08
2024-01-03 09:49:44.919000,1,4.669
2024-01-03 11:27:45.186000,1,2.137
2024-01-03 10:22:45.963000,1,2.576
2024-01-03 10:38:17.174000,1,3.807
2024-01-03 11:27:47.120000,1,3.542
2024-01-03 10:20:58.949000,2,3.464
2024-01-03 11:27:45.827000,1,2.047
2024-01-03 11:27:32.187000,4,4.244
2024-01-03 10:42:16.550000,1,3.85
2024-01-03 10:22:47.148000,2,2.638
2024-01-03 09:48:58.293000,1,2.856
2024-01-03 10:23:02.921000,1,2.715
2024-01-03 11:27:11.762000,2,6.935
2024-01-03 10:20:23.641000,2,2.218
2024-01-03 10:42:12.348000,2,4.269
2024-01-03 10:23:28.137000,2,2.001
2024-01-03 10:42:34.674000,1,2.217
2024-01-03 10:20:08.086000,2,3.693
2024-01-03 09:50:09.208000,2,3.043
2024-01-03 10:20:36.218000,2,3.659
2024-01-03 11:26:55.202000,1,2.123
2024-01-03 09:49:57.504000,4,2.856
2024-01-03 10:42:33.385000,1,2.191
2024-01-03 10:37:17.869000,1,2.13
2024-01-03 09:49:30.638000,1,4.956
2024-01-03 10:20:44.574000,2,2.19
2024-01-03 10:20:38.884000,3,3.757
2024-01-03 10:20:40.064000,3,2.651
2024-01-03 10:20:20.321000,3,5.556
2024-01-03 10:42:33.614000,3,2.645
2024-01-03 10:20:55.820000,6,3.886
2024-01-03 10:38:16.616000,1,2.587
2024-01-03 09:50:45.962000,1,2.872
2024-01-03 10:21:24.723000,2,2.396
2024-01-03 10:37:52.027000,2,3.507
2024-01-03 10:38:16.519000,1,3.58
2024-01-03 11:27:54.214000,1,1.805
2024-01-03 10:20:56.462000,8,4.72
2024-01-03 10:37:51.604000,1,2.865
2024-01-03 10:23:07.655000,1,3.078
2024-01-03 10:20:41.362000,3,2.477
2024-01-03 10:23:19.872000,1,2.506
2024-01-03 10:42:14.819000,1,3.959
2024-01-03 10:37:48.489000,1,2.595
2024-01-03 11:27:44.539000,1,1.957
2024-01-03 10:20:24.520000,2,3.905
2024-01-03 09:49:45.028000,3,7.823
2024-01-03 09:50:27.066000,2,2.997
2024-01-03 11:27:11.847000,1,2.278
2024-01-03 10:42:38.534000,1,2.272
2024-01-03 11:27:45.092000,1,2.015
2024-01-03 10:38:49.509000,1,2.118
2024-01-03 10:43:18.613000,2,3.105
2024-01-03 09:49:58.455000,5,3.106
2024-01-03 11:27:25.721000,1,2.642
2024-01-03 10:23:03.245000,2,3.567
2024-01-03 11:27:08.624000,3,3.346
2024-01-03 09:49:58.134000,2,6.032
2024-01-03 09:49:07.768000,1,15.71
2024-01-03 11:27:43.800000,1,2.59
2024-01-03 10:43:00.340000,1,2.653
2024-01-03 10:21:38.079000,2,4.316
2024-01-03 10:20:59.148000,2,3.902
2024-01-03 11:26:55.950000,1,3.861
2024-01-03 10:22:41.556000,1,1.796
2024-01-03 10:23:18.492000,2,2.409
2024-01-03 10:22:41.021000,1,2.43
2024-01-03 11:27:54.535000,1,2.244
2024-01-03 09:49:29.355000,4,3.971
2024-01-03 10:42:50.048000,2,2.32
2024-01-03 11:27:26.379000,2,2.599
2024-01-03 10:42:37.252000,1,3.322
2024-01-03 10:38:18.664000,1,2.139
2024-01-03 10:37:55.135000,1,2.068
2024-01-03 10:23:05.288000,1,2.144
2024-01-03 10:23:01.646000,1,2.688
2024-01-03 09:49:59.850000,2,2.53
2024-01-03 09:49:11.213000,1,4.127
2024-01-03 10:20:23.107000,4,2.58
2024-01-03 10:37:21.222000,1,3.59
2024-01-03 10:21:25.691000,2,2.041
2024-01-03 10:37:29.889000,2,2.627
2024-01-03 10:43:38.063000,1,2.25
2024-01-03 10:42:01.811000,1,3.475
2024-01-03 10:43:13.981000,1,2.067
2024-01-03 09:49:09.051000,2,7.508
2024-01-03 10:42:58.198000,1,3.067
2024-01-03 11:27:30.453000,2,3.211
2024-01-03 10:20:56.248000,1,2.53
2024-01-03 09:49:14.330000,2,2.482
2024-01-03 10:23:08.605000,1,3.224
2024-01-03 10:24:20.547000,1,4.243
2024-01-03 11:26:57.253000,1,1.737
2024-01-03 10:38:31.535000,1,2.178
2024-01-03 10:37:20.119000,1,2.06
2024-01-03 09:49:33.970000,3,2.682
2024-01-03 10:21:42.184000,2,2.622
2024-01-03 09:50:15.869000,2,2.749
2024-01-03 10:20:23.540000,2,1.992
2024-01-03 11:27:07.011000,3,3.044
2024-01-03 10:42:51.652000,2,10.75
2024-01-03 10:24:05.088000,1,2.126
2024-01-03 10:23:26.641000,1,2.494
2024-01-03 11:27:28.951000,1,2.94
2024-01-03 10:37:20.026000,2,2.391
2024-01-03 10:21:20.226000,2,2.962
2024-01-03 10:23:47.051000,2,2.175
2024-01-03 09:49:30.336000,3,7.575
2024-01-03 10:37:31.713000,3,3.135
2024-01-03 10:23:28.999000,1,3.022
2024-01-03 10:42:18.565000,1,4.364
2024-01-03 10:42:17.610000,2,3.667
2024-01-03 09:50:58.832000,2,3.579
2024-01-03 09:49:32.466000,5,5.482
2024-01-03 10:38:18.126000,1,3.63
2024-01-03 10:37:58.377000,1,3.783
2024-01-03 10:23:05.183000,1,1.814
2024-01-03 09:48:56.791000,2,5.478
2024-01-03 09:50:35.317000,1,2.429
2024-01-03 10:37:52.670000,1,2.489
2024-01-03 11:27:29.931000,2,2.699
2024-01-03 10:23:03.685000,1,1.936
2024-01-03 10:43:31.716000,1,1.976
2024-01-03 10:20:37.486000,6,3.237
2024-01-03 10:23:30.285000,1,2.85
2024-01-03 10:20:36.844000,1,3.0
2024-01-03 11:27:33.249000,1,2.405
2024-01-03 10:37:49.993000,3,3.924
2024-01-03 10:23:01.096000,4,4.254
2024-01-03 10:42:52.202000,2,2.762
2024-01-03 11:27:44.869000,2,4.148
2024-01-03 09:50:10.066000,2,4.028
2024-01-03 10:38:52.628000,1,3.028
2024-01-03 11:27:28.411000,1,1.983
2024-01-03 10:20:07.447000,2,3.578
2024-01-03 09:49:12.058000,1,4.131
2024-01-03 09:49:56.221000,4,5.017
2024-01-03 10:37:50.970000,1,2.165
2024-01-03 09:49:09.284000,2,3.589
2024-01-03 10:20:43.730000,3,5.541
2024-01-03 10:38:17.491000,1,2.517
2024-01-03 09:50:56.168000,4,3.118
2024-01-03 09:49:44.709000,2,2.601
2024-01-03 11:27:27.766000,3,3.351
2024-01-03 10:42:32.099000,1,1.868
2024-01-03 10:23:09.143000,1,2.394
2024-01-03 10:24:06.685000,1,2.122
2024-01-03 11:27:32.494000,1,2.09
2024-01-03 09:49:59.638000,6,3.345
2024-01-03 10:38:49.708000,2,2.333
2024-01-03 10:20:57.550000,8,7.327
2024-01-03 10:37:19.476000,2,2.881
2024-01-03 09:49:45.777000,4,4.793
2024-01-03 10:42:35.001000,3,4.639
2024-01-03 10:42:00.650000,1,2.249
2024-01-03 10:37:31.924000,2,2.568
2024-01-03 10:24:07.021000,1,2.198
2024-01-03 10:22:45.842000,1,2.463
2024-01-03 10:20:40.921000,3,2.702
2024-01-03 11:27:46.688000,1,2.989
2024-01-03 10:37:51.066000,4,2.964
2024-01-03 10:43:19.781000,1,2.147
2024-01-03 09:49:56.096000,1,3.752
2024-01-03 10:42:33.925000,1,2.228
2024-01-03 10:38:17.919000,1,3.266
2024-01-03 10:38:50.367000,1,2.125
2024-01-03 10:42:59.595000,1,2.055
2024-01-03 10:42:36.492000,1,1.936
2024-01-03 10:20:37.699000,1,2.731
2024-01-03 10:22:29.297000,1,3.064
2024-01-03 10:44:00.521000,1,2.082
2024-01-03 10:24:04.218000,1,2.327
2024-01-03 10:43:01.760000,1,2.225
2024-01-03 10:20:18.828000,3,2.574
2024-01-03 11:26:57.773000,1,3.112
2024-01-03 10:20:08.182000,1,3.581
2024-01-03 10:20:08.302000,2,2.923
2024-01-03 10:22:58.411000,1,4.941
2024-01-03 09:49:29.886000,2,3.548
2024-01-03 09:50:33.604000,5,5.462
2024-01-03 10:20:58.525000,2,3.603
2024-01-03 09:50:00.516000,1,2.158
2024-01-03 11:27:47.008000,2,2.446
2024-01-03 10:20:40.608000,2,3.223
2024-01-03 09:50:08.579000,2,3.251
2024-01-03 10:22:41.862000,1,2.018
2024-01-03 10:21:06.249000,1,1.937
2024-01-03 10:43:37.193000,1,3.018
2024-01-03 10:23:21.268000,1,2.933
2024-01-03 09:49:56.738000,2,2.993
2024-01-03 10:43:36.762000,1,2.899
2024-01-03 10:37:50.524000,1,1.904
2024-01-03 11:27:31.205000,1,2.016
2024-01-03 10:23:03.350000,1,2.322
2024-01-03 09:49:28.176000,2,5.414
2024-01-03 10:20:37.927000,4,3.586
2024-01-03 10:22:45.734000,2,3.296
2024-01-03 10:37:57.086000,1,4.865
2024-01-03 11:27:27.886000,1,2.742
2024-01-03 10:37:55.683000,2,2.953
2024-01-03 10:44:05.254000,1,4.391
2024-01-03 09:50:55.843000,2,2.682
2024-01-03 10:42:32.426000,2,3.698
2024-01-03 10:23:06.352000,1,3.09
2024-01-03 10:20:42.656000,5,3.496
2024-01-03 09:50:59.374000,3,4.788
2024-01-03 10:37:52.577000,2,2.508
2024-01-03 11:27:12.714000,1,2.97
2024-01-03 09:49:10.344000,1,4.006
2024-01-03 09:50:30.162000,1,2.621
2024-01-03 09:49:27.765000,4,3.828
2024-01-03 09:48:57.542000,1,4.827
2024-01-03 10:20:19.139000,3,5.336
2024-01-03 09:49:14.229000,1,9.617
2024-01-03 10:43:01.098000,1,2.064
2024-01-03 11:27:34.429000,1,2.098
2024-01-03 10:22:41.434000,3,2.869
2024-01-03 10:20:56.994000,8,5.315
2024-01-03 10:24:32.475000,1,2.969
2024-01-03 10:42:17.929000,1,3.549
2024-01-03 10:37:32.142000,1,2.356
2024-01-03 11:27:35.614000,1,2.874
2024-01-03 09:49:08.944000,4,6.62
2024-01-03 11:26:56.277000,1,2.543
2024-01-03 10:20:40.495000,1,4.948
2024-01-03 10:42:30.608000,1,2.456
2024-01-03 10:44:00.865000,1,2.33
2024-01-03 09:49:12.165000,2,4.47
2024-01-03 10:20:55.389000,2,2.244
2024-01-03 10:38:51.643000,1,2.092
2024-01-03 10:37:37.299000,1,2.612
2024-01-03 10:38:18.868000,1,2.126
2024-01-03 10:23:04.955000,3,2.813
2024-01-03 10:22:29.740000,3,2.701
2024-01-03 10:24:19.268000,1,2.879
2024-01-03 09:48:57.970000,2,3.814
2024-01-03 10:22:29.836000,1,3.311
2024-01-03 09:49:26.781000,5,7.802
2024-01-03 11:27:27.443000,1,1.971
2024-01-03 09:49:11.750000,1,3.092
2024-01-03 09:49:12.277000,2,11.32
2024-01-03 10:39:21.649000,1,2.577
2024-01-03 10:20:41.026000,1,2.185
2024-01-03 10:21:09.019000,1,2.25
2024-01-03 09:49:08.298000,2,5.563
2024-01-03 09:49:30.960000,4,3.034
2024-01-03 10:24:08.745000,1,2.288
2024-01-03 09:48:56.577000,1,3.086
2024-01-03 10:23:16.981000,1,2.197
2024-01-03 11:26:55.516000,2,3.612
2024-01-03 09:50:15.244000,2,2.786
2024-01-03 09:50:33.923000,2,3.862
2024-01-03 09:49:14.851000,2,2.96
2024-01-03 09:50:27.608000,6,3.476
2024-01-03 10:20:54.852000,2,2.806
2024-01-03 10:43:03.669000,1,3.565
2024-01-03 09:49:53.405000,1,3.475
2024-01-03 09:49:34.398000,1,2.278
2024-01-03 09:50:00.181000,4,7.298
2024-01-03 10:23:18.814000,1,2.278
2024-01-03 10:22:59.599000,1,2.326
2024-01-03 09:50:32.013000,2,4.259
2024-01-03 09:49:13.031000,3,9.814
2024-01-03 10:42:51.114000,3,7.521
2024-01-03 11:27:44.323000,1,2.759
2024-01-03 10:37:17.548000,1,2.097
2024-01-03 10:42:36.064000,1,2.389
2024-01-03 10:37:30.960000,2,3.204
2024-01-03 11:27:25.184000,1,2.178
2024-01-03 10:43:13.335000,1,3.882
2024-01-03 10:38:51.222000,1,3.513
2024-01-03 10:38:50.893000,1,2.903
2024-01-03 11:27:46.795000,1,1.766
2024-01-03 09:48:56.039000,2,11.32
2024-01-03 10:42:36.932000,1,4.114
2024-01-03 11:27:46.363000,1,2.124
2024-01-03 10:23:48.449000,1,2.53
2024-01-03 10:37:37.840000,1,2.521
2024-01-03 09:50:59.155000,1,2.358
2024-01-03 10:42:02.459000,2,3.45
2024-01-03 10:23:21.168000,2,4.238
2024-01-03 11:27:33.039000,1,3.02
2024-01-03 10:42:58.950000,1,4.679
2024-01-03 10:20:19.478000,2,2.883
2024-01-03 10:37:48.809000,1,2.518
2024-01-03 10:21:23.866000,2,2.468
2024-01-03 10:42:36.713000,1,3.086
2024-01-03 09:49:28.286000,1,2.573
2024-01-03 10:21:21.286000,2,2.906
2024-01-03 10:21:25.263000,1,2.005
2024-01-03 10:44:04.733000,1,2.747
2024-01-03 10:22:59.479000,1,3.346
2024-01-03 10:22:40.901000,3,5.115
2024-01-03 10:20:19.569000,6,3.498
2024-01-03 09:48:55.932000,1,5.485
2024-01-03 10:42:14.059000,3,2.677
2024-01-03 10:23:01.628000,4,3.75
2024-01-03 10:37:18.198000,2,2.091
2024-01-03 10:20:42.325000,2,3.837
2024-01-03 10:37:50.310000,4,3.768
2024-01-03 10:42:39.830000,1,2.754
2024-01-03 10:23:20.727000,1,1.743
2024-01-03 10:42:12.891000,2,2.723
2024-01-03 10:37:51.505000,2,2.641
2024-01-03 10:37:55.886000,2,2.423
2024-01-03 10:20:07.104000,1,2.255
2024-01-03 11:27:12.172000,1,2.915
2024-01-03 10:42:13.093000,1,2.417
2024-01-03 10:23:06.994000,2,2.322
2024-01-03 11:27:07.349000,1,2.319
2024-01-03 10:21:41.091000,2,3.146
2024-01-03 10:38:57.979000,1,2.337
2024-01-03 10:20:25.159000,4,6.211
2024-01-03 09:48:58.200000,1,3.965
2024-01-03 09:49:25.065000,1,3.961
2024-01-03 10:21:45.813000,2,2.538
2024-01-03 10:23:27.709000,1,1.911
2024-01-03 10:20:42.864000,2,2.46
2024-01-03 10:42:34.350000,2,2.797
2024-01-03 10:42:19.655000,1,2.253
2024-01-03 11:26:56.371000,1,2.192
2024-01-03 11:26:54.973000,2,2.908
2024-01-03 09:49:26.030000,2,2.966
2024-01-03 09:50:32.312000,1,2.848
2024-01-03 10:42:12.449000,1,1.8
2024-01-03 10:21:06.901000,1,2.882
2024-01-03 10:43:38.372000,1,2.664
2024-01-03 10:42:51.755000,1,2.33
2024-01-03 10:38:21.335000,1,3.067
2024-01-03 10:37:29.992000,3,2.844
2024-01-03 09:48:57.334000,2,5.275
2024-01-03 10:37:34.308000,1,2.836
2024-01-03 09:49:25.174000,1,3.401
2024-01-03 11:27:30.353000,1,5.227
2024-01-03 11:26:56.600000,1,2.712
2024-01-03 10:38:09.211000,2,3.06
2024-01-03 09:50:35.009000,2,3.058
2024-01-03 09:50:13.734000,3,3.086
2024-01-03 10:37:35.812000,2,2.38
2024-01-03 10:20:24.288000,5,3.163
2024-01-03 09:49:45.470000,2,3.093
2024-01-03 09:49:32.253000,3,3.88
2024-01-03 11:27:10.664000,1,2.612
2024-01-03 10:37:53.959000,1,2.041
2024-01-03 11:27:13.356000,2,2.185
2024-01-03 10:20:43.177000,4,2.704
2024-01-03 10:24:06.919000,1,2.158
2024-01-03 10:20:19.888000,3,3.803
2024-01-03 11:27:30.132000,1,2.394
2024-01-03 09:49:27.331000,7,6.494
2024-01-03 10:42:37.460000,1,2.052
2024-01-03 11:27:29.284000,2,2.917
2024-01-03 10:22:40.470000,1,2.027
2024-01-03 09:49:54.697000,2,4.335
2024-01-03 10:37:52.133000,1,2.254
2024-01-03 10:38:54.765000,1,3.576
2024-01-03 09:49:12.810000,1,4.338
2024-01-03 09:49:33.451000,2,4.298
2024-01-03 10:23:07.546000,1,2.724
2024-01-03 10:20:07.214000,2,3.142
2024-01-03 10:39:22.291000,1,2.932
2024-01-03 09:49:33.328000,2,7.32
2024-01-03 09:49:09.479000,5,4.076
2024-01-03 10:20:18.276000,2,2.958
2024-01-03 11:27:53.894000,1,2.631
2024-01-03 09:49:46.009000,2,4.916
2024-01-03 09:50:46.059000,2,8.407
2024-01-03 10:20:06.163000,3,4.562
2024-01-03 10:23:29.212000,2,4.051
2024-01-03 10:38:36.260000,1,2.248
2024-01-03 11:27:07.443000,1,2.125
2024-01-03 09:49:33.894000,2,3.421
2024-01-03 10:22:59.050000,1,2.658
2024-01-03 10:38:09.102000,2,2.528
2024-01-03 10:37:56.017000,1,3.628
2024-01-03 10:23:05.615000,1,2.679
2024-01-03 10:42:13.633000,1,3.289
2024-01-03 10:37:30.637000,1,2.47
2024-01-03 09:49:59.204000,2,3.165
2024-01-03 10:21:42.702000,2,2.596
2024-01-03 10:23:48.664000,1,2.259
2024-01-03 11:27:08.300000,2,3.126
2024-01-03 10:42:59.716000,1,2.502
2024-01-03 09:49:58.362000,1,4.146
2024-01-03 10:20:06.912000,1,2.899
2024-01-03 10:21:19.889000,1,2.164
2024-01-03 10:38:17.047000,1,2.122
2024-01-03 10:20:22.679000,3,3.498
2024-01-03 09:49:59.098000,1,3.586
2024-01-03 10:23:07.103000,1,2.66
2024-01-03 09:49:14.657000,1,6.1
2024-01-03 10:20:18.598000,6,3.532
2024-01-03 09:49:25.492000,2,11.24
2024-01-03 10:42:49.710000,2,2.896
2024-01-03 09:49:07.672000,3,7.096
2024-01-03 10:42:35.427000,2,3.573
2024-01-03 10:20:42.971000,1,1.634
2024-01-03 11:26:56.714000,2,3.292
2024-01-03 10:23:46.182000,1,2.391
2024-01-03 11:27:30.573000,1,2.004
2024-01-03 10:43:51.918000,1,2.148
2024-01-03 11:27:31.743000,1,2.511
2024-01-03 10:20:17.856000,2,4.388
2024-01-03 09:49:14.423000,5,5.485
2024-01-03 10:23:06.890000,1,2.869
2024-01-03 10:24:05.179000,1,1.934
2024-01-03 09:49:08.727000,5,6.031
